customer_id,recency,frequency,monetary,segment,cluster
C00001,186,4,7592,At Risk,1
C00002,305,7,8191,Needs Attention,1
C00003,37,7,14638,Champions,0
C00004,46,8,14315,Champions,0
C00005,143,4,9203,Needs Attention,1
C00006,37,8,11605,Champions,0
C00007,38,9,25009,Champions,0
C00008,137,12,21279,Champions,0
C00009,60,6,9246,Loyal,0
C00010,36,10,17834,Champions,0
C00011,63,12,25981,Champions,0
C00012,305,4,10594,At Risk,1
C00013,53,3,3756,Needs Attention,1
C00014,80,5,13403,Loyal,0
C00015,14,7,12721,Champions,0
C00016,135,8,16370,Champions,0
C00017,332,5,7398,At Risk,1
C00018,58,7,20361,Champions,0
C00019,111,3,6098,Needs Attention,1
C00020,506,5,10108,Needs Attention,1
C00021,79,8,11858,Champions,0
C00022,101,6,16118,Loyal,0
C00023,366,6,4393,At Risk,1
C00024,519,5,7096,At Risk,1
C00025,44,4,6188,Needs Attention,1
C00026,130,6,8497,Needs Attention,1
C00027,124,10,14385,Champions,0
C00028,165,9,16829,Champions,0
C00029,106,3,4288,At Risk,1
C00030,41,7,11678,Champions,0
C00031,482,2,1951,At Risk,1
C00032,41,7,20913,Champions,0
C00033,5,7,14405,Champions,0
C00034,469,3,3271,At Risk,1
C00035,385,3,3264,At Risk,1
C00036,42,8,12930,Champions,0
C00037,72,6,10211,Loyal,0
C00038,376,2,2725,At Risk,1
C00039,132,10,14378,Champions,0
C00040,18,5,15232,Champions,0
C00041,189,5,7629,Needs Attention,1
C00042,192,8,17005,Loyal,0
C00043,267,6,10846,Needs Attention,1
C00044,65,8,13333,Champions,0
C00045,124,6,9749,Loyal,0
C00046,46,13,16233,Champions,0
C00047,64,7,11273,Loyal,0
C00048,282,8,15980,Loyal,0
C00049,12,5,6698,Loyal,1
C00050,702,3,5159,At Risk,1
C00051,9,7,11375,Loyal,0
C00052,419,2,2845,At Risk,1
C00053,237,5,12249,Needs Attention,1
C00054,190,6,8917,Needs Attention,1
C00055,159,6,12101,Loyal,0
C00056,62,8,16654,Champions,0
C00057,38,5,9408,Loyal,1
C00058,40,9,19236,Champions,0
C00059,795,1,498,At Risk,1
C00060,180,6,9011,Needs Attention,1
C00061,5,3,6990,Needs Attention,1
C00062,48,4,5374,Needs Attention,1
C00063,118,2,2597,At Risk,1
C00064,166,9,10949,Loyal,0
C00065,157,5,13134,Loyal,0
C00066,161,3,3818,At Risk,1
C00067,52,6,10767,Loyal,0
C00068,62,7,18405,Champions,0
C00069,301,9,17625,Champions,0
C00070,197,3,6790,At Risk,1
C00071,142,10,19854,Champions,0
C00072,21,4,7183,Needs Attention,1
C00073,114,9,22424,Champions,0
C00074,122,9,11042,Loyal,0
C00075,69,5,9050,Needs Attention,1
C00076,2,4,7080,Needs Attention,1
C00077,293,3,3105,At Risk,1
C00078,153,6,8375,Needs Attention,1
C00079,111,5,6488,Needs Attention,1
C00080,81,15,29613,Champions,0
C00081,264,8,15137,Loyal,0
C00082,165,9,16120,Champions,0
C00083,120,4,7091,Needs Attention,1
C00084,92,4,8523,Needs Attention,1
C00085,304,10,19811,Loyal,0
C00086,48,6,14232,Loyal,0
C00087,122,8,19383,Champions,0
C00088,8,7,10053,Loyal,0
C00089,7,5,5570,Needs Attention,1
C00090,202,3,4128,At Risk,1
C00091,536,2,1575,At Risk,1
C00092,409,8,20322,Loyal,0
C00093,264,7,9441,Needs Attention,1
C00094,256,5,4815,At Risk,1
C00095,9,7,17483,Champions,0
C00096,86,11,17811,Champions,0
C00097,81,7,6594,Loyal,1
C00098,62,9,18715,Champions,0
C00099,398,2,1116,At Risk,1
C00100,167,5,7434,Needs Attention,1
C00101,116,6,13291,Loyal,0
C00102,167,9,21205,Champions,0
C00103,132,6,12284,Loyal,0
C00104,245,7,8801,Needs Attention,1
C00105,358,7,14071,Needs Attention,0
C00106,23,5,9500,Loyal,1
C00107,43,5,10325,Loyal,1
C00108,29,7,14064,Champions,0
C00109,473,7,19133,Loyal,0
C00110,112,5,10520,Needs Attention,1
C00111,329,7,10657,Needs Attention,1
C00112,138,7,12066,Loyal,0
C00113,21,6,9228,Loyal,0
C00114,24,6,9254,Loyal,0
C00115,13,13,20554,Champions,0
C00116,212,4,11034,Needs Attention,1
C00117,178,2,4131,At Risk,1
C00118,201,2,2174,At Risk,1
C00119,9,4,4703,Needs Attention,1
C00120,64,9,13105,Champions,0
C00121,283,4,7869,At Risk,1
C00122,54,5,13592,Loyal,0
C00123,379,2,2985,At Risk,1
C00124,163,5,9433,Needs Attention,1
C00125,416,3,8868,At Risk,1
C00126,25,8,14076,Champions,0
C00127,325,3,3730,At Risk,1
C00128,224,4,12411,Needs Attention,1
C00129,122,4,5890,At Risk,1
C00130,51,7,10394,Loyal,0
C00131,570,5,11867,Needs Attention,1
C00132,128,3,3497,At Risk,1
C00133,103,8,14032,Loyal,0
C00134,9,8,9369,Champions,0
C00135,124,4,7475,Needs Attention,1
C00136,206,4,5855,At Risk,1
C00137,406,4,7317,At Risk,1
C00138,216,4,5937,At Risk,1
C00139,80,7,10626,Loyal,0
C00140,79,6,13139,Loyal,0
C00141,226,5,6366,Needs Attention,1
C00142,549,5,9851,Needs Attention,1
C00143,192,11,22088,Champions,0
C00144,665,1,419,At Risk,1
C00145,15,9,12422,Champions,0
C00146,80,5,6352,Needs Attention,1
C00147,40,8,8441,Loyal,0
C00148,335,8,13531,Loyal,0
C00149,276,4,5018,At Risk,1
C00150,65,5,14728,Loyal,0
C00151,19,8,11610,Champions,0
C00152,204,6,9625,Needs Attention,1
C00153,122,8,18139,Champions,0
C00154,60,6,6302,Loyal,1
C00155,27,12,21410,Champions,0
C00156,317,7,10950,Needs Attention,0
C00157,547,3,6895,At Risk,1
C00158,33,3,4000,Needs Attention,1
C00159,120,3,9957,Needs Attention,1
C00160,23,7,19105,Champions,0
C00161,108,4,5028,At Risk,1
C00162,403,2,3102,At Risk,1
C00163,56,4,12357,Loyal,1
C00164,716,8,17465,Loyal,0
C00165,117,4,5956,At Risk,1
C00166,47,8,10046,Loyal,0
C00167,105,6,8141,Needs Attention,1
C00168,343,9,16525,Loyal,0
C00169,433,8,11296,Needs Attention,0
C00170,139,7,13381,Loyal,0
C00171,77,2,3895,Needs Attention,1
C00172,629,6,13110,Needs Attention,1
C00173,32,5,9327,Loyal,1
C00174,467,5,9294,Needs Attention,1
C00175,320,3,4093,At Risk,1
C00176,130,3,3937,At Risk,1
C00177,394,2,7007,At Risk,1
C00178,55,8,13416,Champions,0
C00179,103,4,7585,Needs Attention,1
C00180,82,10,17554,Champions,0
C00181,149,8,12791,Loyal,0
C00182,78,7,9678,Loyal,0
C00183,141,7,23206,Loyal,0
C00184,23,4,3525,Needs Attention,1
C00185,183,8,12063,Loyal,0
C00186,241,7,8712,Needs Attention,1
C00187,78,7,12390,Loyal,0
C00188,92,6,8296,Loyal,1
C00189,29,7,9242,Loyal,0
C00190,101,5,8002,Needs Attention,1
C00191,243,5,7687,Needs Attention,1
C00192,137,7,16240,Loyal,0
C00193,110,9,16562,Champions,0
C00194,246,5,8957,Needs Attention,1
C00195,498,3,8170,At Risk,1
C00196,58,6,11403,Loyal,0
C00197,139,6,11766,Loyal,0
C00198,21,6,12973,Champions,0
C00199,44,6,7558,Loyal,1
C00200,66,3,3269,Needs Attention,1
C00201,27,6,11664,Champions,0
C00202,89,5,8314,Needs Attention,1
C00203,496,5,3684,At Risk,1
C00204,64,12,21940,Champions,0
C00205,251,7,14786,Loyal,0
C00206,25,6,9422,Loyal,0
C00207,182,7,13483,Loyal,0
C00208,3,8,10231,Champions,0
C00209,302,6,8886,Needs Attention,1
C00210,18,8,13421,Champions,0
C00211,9,6,15504,Champions,0
C00212,223,5,21568,Loyal,0
C00213,501,8,13403,Loyal,0
C00214,184,6,12981,Loyal,0
C00215,2,7,16541,Champions,0
C00216,178,6,20761,Loyal,0
C00217,10,10,14790,Champions,0
C00218,82,8,16148,Champions,0
C00219,24,6,9360,Loyal,0
C00220,12,7,9416,Loyal,0
C00221,283,8,13570,Loyal,0
C00222,104,11,16167,Champions,0
C00223,703,6,8207,Needs Attention,1
C00224,388,6,11659,Needs Attention,1
C00225,9,9,19118,Champions,0
C00226,139,10,17179,Champions,0
C00227,153,5,3687,Needs Attention,1
C00228,52,13,18720,Champions,0
C00229,68,7,17159,Champions,0
C00230,10,7,13860,Champions,0
C00231,927,1,522,At Risk,1
C00232,418,4,12926,Needs Attention,1
C00233,588,2,2849,At Risk,1
C00234,33,5,9607,Loyal,1
C00235,78,6,11689,Loyal,0
C00236,149,7,9360,Loyal,0
C00237,178,9,22782,Champions,0
C00238,117,7,12341,Loyal,0
C00239,307,7,12110,Needs Attention,0
C00240,77,6,9744,Loyal,0
C00241,9,6,11248,Loyal,0
C00242,59,6,14301,Loyal,0
C00243,596,4,4739,At Risk,1
C00244,141,11,19325,Champions,0
C00245,222,10,15666,Champions,0
C00246,248,3,6723,At Risk,1
C00247,5,7,12094,Champions,0
C00248,186,2,3279,At Risk,1
C00249,388,3,5131,At Risk,1
C00250,58,9,12031,Champions,0
C00251,93,6,14920,Loyal,0
C00252,54,7,9042,Loyal,0
C00253,173,3,4480,At Risk,1
C00254,158,5,10866,Needs Attention,1
C00255,7,8,15937,Champions,0
C00256,35,7,11697,Champions,0
C00257,35,6,10413,Loyal,0
C00258,160,6,11777,Loyal,0
C00259,367,7,10071,Needs Attention,1
C00260,134,10,20691,Champions,0
C00261,103,5,6375,Needs Attention,1
C00262,165,8,16852,Champions,0
C00263,123,7,9820,Loyal,0
C00264,279,5,7003,Needs Attention,1
C00265,52,5,10379,Loyal,1
C00266,224,7,9577,Needs Attention,0
C00267,537,3,2144,At Risk,1
C00268,154,10,15751,Champions,0
C00269,177,7,16670,Loyal,0
C00270,122,7,11487,Loyal,0
C00271,319,4,5394,At Risk,1
C00272,250,5,5557,At Risk,1
C00273,184,6,8246,Needs Attention,1
C00274,133,5,7860,Needs Attention,1
C00275,130,2,9405,Needs Attention,1
C00276,55,7,7859,Loyal,0
C00277,135,7,17731,Loyal,0
C00278,279,8,14173,Loyal,0
C00279,434,5,8767,At Risk,1
C00280,68,7,10311,Loyal,0
C00281,87,7,15243,Champions,0
C00282,251,8,13197,Loyal,0
C00283,56,4,4022,Needs Attention,1
C00284,202,8,12186,Loyal,0
C00285,247,7,12674,Loyal,0
C00286,141,10,21358,Champions,0
C00287,179,8,15518,Loyal,0
C00288,77,6,6837,Loyal,1
C00289,341,6,11751,Needs Attention,1
C00290,159,5,6541,Needs Attention,1
C00291,81,3,4275,Needs Attention,1
C00292,200,5,7597,Needs Attention,1
C00293,3,10,20513,Champions,0
C00294,42,6,8621,Loyal,0
C00295,688,4,8024,At Risk,1
C00296,580,3,6571,At Risk,1
C00297,293,5,11158,Needs Attention,1
C00298,151,6,9955,Loyal,1
C00299,474,6,13438,Needs Attention,1
C00300,130,8,13699,Loyal,0
C00301,226,6,13985,Loyal,0
C00302,46,6,10964,Loyal,0
C00303,157,4,4693,At Risk,1
C00304,288,6,18564,Loyal,0
C00305,254,4,4973,At Risk,1
C00306,215,11,16550,Champions,0
C00307,183,4,9759,Needs Attention,1
C00308,407,7,13694,Needs Attention,0
C00309,119,7,16030,Loyal,0
C00310,347,5,7899,At Risk,1
C00311,139,3,2104,At Risk,1
C00312,43,5,11597,Loyal,0
C00313,110,10,14644,Champions,0
C00314,219,7,13207,Loyal,0
C00315,20,8,14696,Champions,0
C00316,104,6,7614,Needs Attention,1
C00317,196,7,9718,Needs Attention,0
C00318,397,6,7767,Needs Attention,1
C00319,496,4,2206,At Risk,1
C00320,48,7,13427,Loyal,0
C00321,16,4,7904,Needs Attention,1
C00322,64,7,8448,Loyal,0
C00323,30,8,17192,Champions,0
C00324,92,5,4378,Needs Attention,1
C00325,138,6,10745,Loyal,0
C00326,141,9,23643,Champions,0
C00327,277,9,8382,Loyal,0
C00328,114,9,10756,Loyal,0
C00329,30,10,13013,Champions,0
C00330,52,7,12905,Loyal,0
C00331,61,7,12493,Loyal,0
C00332,11,5,9157,Loyal,1
C00333,130,8,13265,Loyal,0
C00334,397,7,9689,Needs Attention,1
C00335,26,9,20064,Champions,0
C00336,353,4,9448,At Risk,1
C00337,53,6,7076,Loyal,1
C00338,358,7,13564,Needs Attention,0
C00339,15,10,17712,Champions,0
C00340,28,8,12502,Champions,0
C00341,309,2,7013,At Risk,1
C00342,47,11,19303,Champions,0
C00343,495,7,13335,Needs Attention,1
C00344,222,7,12608,Loyal,0
C00345,100,7,11170,Loyal,0
C00346,28,4,9882,Loyal,1
C00347,58,6,9371,Loyal,0
C00348,174,4,2113,At Risk,1
C00349,203,3,3411,At Risk,1
C00350,58,11,17580,Champions,0
C00351,64,8,13282,Champions,0
C00352,347,2,3725,At Risk,1
C00353,42,7,11775,Champions,0
C00354,60,8,10605,Loyal,0
C00355,249,3,6493,At Risk,1
C00356,15,10,16860,Champions,0
C00357,12,9,16180,Champions,0
C00358,57,3,7399,Needs Attention,1
C00359,687,4,7230,At Risk,1
C00360,66,10,16253,Champions,0
C00361,99,7,9255,Loyal,0
C00362,118,5,6047,Needs Attention,1
C00363,149,8,13773,Loyal,0
C00364,5,9,17354,Champions,0
C00365,11,8,6385,Loyal,0
C00366,239,3,7872,At Risk,1
C00367,211,7,7918,Needs Attention,1
C00368,14,7,14493,Champions,0
C00369,20,8,11370,Champions,0
C00370,112,6,6974,Needs Attention,1
C00371,284,2,5572,At Risk,1
C00372,215,9,17518,Champions,0
C00373,30,5,8017,Loyal,1
C00374,316,5,7058,At Risk,1
C00375,155,6,8750,Needs Attention,1
C00376,709,5,5927,At Risk,1
C00377,19,9,14539,Champions,0
C00378,108,10,19923,Champions,0
C00379,8,3,5142,Needs Attention,1
C00380,242,12,16548,Champions,0
C00381,15,15,26275,Champions,0
C00382,152,5,7999,Needs Attention,1
C00383,593,5,7175,At Risk,1
C00384,47,3,5233,Needs Attention,1
C00385,286,6,14262,Loyal,0
C00386,309,8,20108,Loyal,0
C00387,4,7,14507,Champions,0
C00388,349,3,2693,At Risk,1
C00389,9,4,5043,Needs Attention,1
C00390,75,6,9353,Loyal,0
C00391,87,4,6743,Needs Attention,1
C00392,103,4,5002,At Risk,1
C00393,92,6,21212,Champions,0
C00394,82,7,11857,Loyal,0
C00395,373,5,11983,Needs Attention,1
C00396,46,5,11019,Loyal,0
C00397,59,4,5130,Needs Attention,1
C00398,72,7,11181,Loyal,0
C00399,323,6,9261,Needs Attention,1
C00400,556,4,12589,Needs Attention,1
C00401,227,14,27105,Champions,0
C00402,145,6,15060,Loyal,0
C00403,33,8,15980,Champions,0
C00404,81,7,13145,Loyal,0
C00405,16,7,14542,Champions,0
C00406,72,4,7276,Needs Attention,1
C00407,5,8,12174,Champions,0
C00408,63,5,4705,Needs Attention,1
C00409,47,6,11751,Loyal,0
C00410,439,3,2239,At Risk,1
C00411,138,4,4298,At Risk,1
C00412,282,4,7761,At Risk,1
C00413,103,8,18281,Champions,0
C00414,346,3,6470,At Risk,1
C00415,370,13,16385,Loyal,0
C00416,63,3,7133,Needs Attention,1
C00417,116,11,16701,Champions,0
C00418,218,6,12073,Loyal,0
C00419,111,3,10279,Needs Attention,1
C00420,72,6,6217,Loyal,1
C00421,137,8,21108,Champions,0
C00422,44,9,18138,Champions,0
C00423,311,3,3665,At Risk,1
C00424,75,3,6389,Needs Attention,1
C00425,551,6,14646,Needs Attention,1
C00426,213,7,11211,Needs Attention,0
C00427,24,4,4965,Needs Attention,1
C00428,52,8,11281,Loyal,0
C00429,157,3,1675,At Risk,1
C00430,121,10,14252,Champions,0
C00431,535,1,1387,At Risk,1
C00432,5,8,18093,Champions,0
C00433,158,3,6262,Needs Attention,1
C00434,3,8,19591,Champions,0
C00435,155,8,18545,Champions,0
C00436,147,3,7295,Needs Attention,1
C00437,111,5,5691,Needs Attention,1
C00438,6,8,18322,Champions,0
C00439,145,6,8795,Needs Attention,1
C00440,746,5,7318,At Risk,1
C00441,43,13,23946,Champions,0
C00442,122,6,16326,Loyal,0
C00443,56,10,16901,Champions,0
C00444,240,6,4566,Needs Attention,1
C00445,30,7,13405,Champions,0
C00446,352,8,12975,Loyal,0
C00447,21,5,5625,Needs Attention,1
C00448,580,2,948,At Risk,1
C00449,756,3,5537,At Risk,1
C00450,198,5,10904,Needs Attention,1
C00451,86,11,16657,Champions,0
C00452,314,7,15518,Loyal,0
C00453,55,10,12723,Champions,0
C00454,1072,1,1446,At Risk,1
C00455,124,5,10552,Needs Attention,1
C00456,102,6,8776,Needs Attention,1
C00457,197,7,8044,Needs Attention,1
C00458,6,9,14160,Champions,0
C00459,122,7,10480,Loyal,0
C00460,155,5,8939,Needs Attention,1
C00461,635,4,10020,At Risk,1
C00462,237,7,11834,Loyal,0
C00463,225,4,4748,At Risk,1
C00464,189,3,3790,At Risk,1
C00465,148,5,10041,Needs Attention,1
C00466,164,6,10907,Loyal,0
C00467,426,5,12208,Needs Attention,1
C00468,34,8,10731,Champions,0
C00469,274,7,11271,Needs Attention,0
C00470,116,3,10665,Needs Attention,1
C00471,250,4,6562,At Risk,1
C00472,375,3,4452,At Risk,1
C00473,218,6,10485,Needs Attention,1
C00474,10,10,18602,Champions,0
C00475,275,10,14896,Loyal,0
C00476,32,3,2342,Needs Attention,1
C00477,62,5,8161,Needs Attention,1
C00478,125,2,2013,At Risk,1
C00479,94,11,21028,Champions,0
C00480,3,8,20310,Champions,0
C00481,237,10,17844,Champions,0
C00482,159,7,13170,Loyal,0
C00483,86,7,9214,Loyal,0
C00484,561,3,2730,At Risk,1
C00485,37,9,15938,Champions,0
C00486,405,3,5925,At Risk,1
C00487,23,8,20072,Champions,0
C00488,271,6,7554,Needs Attention,1
C00489,227,4,6273,At Risk,1
C00490,48,6,17007,Champions,0
C00491,31,4,11153,Loyal,1
C00492,50,5,9906,Loyal,1
C00493,195,5,9325,Needs Attention,1
C00494,82,3,5470,Needs Attention,1
C00495,152,2,5699,At Risk,1
C00496,328,3,2219,At Risk,1
C00497,163,6,9991,Loyal,1
C00498,297,10,22524,Champions,0
C00499,470,5,9351,Needs Attention,1
C00500,117,8,8472,Loyal,0
C00501,62,9,12098,Champions,0
C00502,8,5,14214,Loyal,0
C00503,8,6,9711,Loyal,0
C00504,831,2,4924,At Risk,1
C00505,195,6,9137,Needs Attention,1
C00506,74,11,14221,Champions,0
C00507,158,7,9213,Loyal,0
C00508,83,6,14448,Loyal,0
C00509,92,6,9373,Loyal,0
C00510,180,6,14693,Loyal,0
C00511,264,5,6028,Needs Attention,1
C00512,28,4,9540,Loyal,1
C00513,536,3,5608,At Risk,1
C00514,97,7,13029,Loyal,0
C00515,323,4,7353,At Risk,1
C00516,284,6,8765,Needs Attention,1
C00517,51,5,12059,Loyal,0
C00518,12,8,8680,Loyal,0
C00519,108,3,7682,Needs Attention,1
C00520,65,4,5624,Needs Attention,1
C00521,146,6,14863,Loyal,0
C00522,31,10,20934,Champions,0
C00523,4,12,20797,Champions,0
C00524,148,9,24474,Champions,0
C00525,227,8,13410,Loyal,0
C00526,101,9,12716,Champions,0
C00527,202,6,13009,Loyal,0
C00528,221,8,10115,Loyal,0
C00529,211,7,15339,Loyal,0
C00530,22,6,11081,Loyal,0
C00531,455,4,8229,At Risk,1
C00532,410,3,8774,At Risk,1
C00533,92,5,8110,Needs Attention,1
C00534,72,4,5351,Needs Attention,1
C00535,79,5,13169,Loyal,0
C00536,269,7,9154,Needs Attention,1
C00537,61,9,19405,Champions,0
C00538,76,13,20761,Champions,0
C00539,59,6,6997,Loyal,1
C00540,197,5,6592,Needs Attention,1
C00541,211,6,10388,Needs Attention,1
C00542,293,6,12733,Loyal,0
C00543,153,6,13724,Loyal,0
C00544,170,8,11709,Loyal,0
C00545,951,1,148,At Risk,1
C00546,210,5,9055,Needs Attention,1
C00547,7,4,9975,Loyal,1
C00548,57,6,11735,Loyal,0
C00549,89,8,17299,Champions,0
C00550,157,7,15982,Loyal,0
C00551,636,3,9341,At Risk,1
C00552,31,8,19511,Champions,0
C00553,400,7,12638,Needs Attention,0
C00554,31,5,9051,Loyal,1
C00555,581,1,702,At Risk,1
C00556,416,9,16875,Loyal,0
C00557,136,6,11646,Loyal,0
C00558,1072,1,550,At Risk,1
C00559,48,4,6009,Needs Attention,1
C00560,328,8,23792,Loyal,0
C00561,51,7,10558,Loyal,0
C00562,51,10,22490,Champions,0
C00563,51,3,5046,Needs Attention,1
C00564,276,3,5246,At Risk,1
C00565,317,3,4910,At Risk,1
C00566,11,4,7714,Needs Attention,1
C00567,327,4,4644,At Risk,1
C00568,245,7,24259,Loyal,0
C00569,45,7,8283,Loyal,0
C00570,28,3,4373,Needs Attention,1
C00571,241,4,7473,At Risk,1
C00572,477,5,6158,At Risk,1
C00573,248,2,1339,At Risk,1
C00574,119,2,3096,At Risk,1
C00575,84,10,23712,Champions,0
C00576,198,4,3229,At Risk,1
C00577,193,7,12570,Loyal,0
C00578,111,6,8428,Needs Attention,1
C00579,75,9,14309,Champions,0
C00580,23,10,15811,Champions,0
C00582,39,5,5428,Needs Attention,1
C00583,385,3,2831,At Risk,1
C00584,154,5,9970,Needs Attention,1
C00585,29,8,19437,Champions,0
C00586,254,2,3747,At Risk,1
C00587,200,8,18941,Loyal,0
C00588,136,8,12937,Loyal,0
C00589,215,6,13788,Loyal,0
C00590,487,5,10186,Needs Attention,1
C00591,66,11,18830,Champions,0
C00592,25,4,11261,Loyal,1
C00593,583,3,7035,At Risk,1
C00594,144,5,14798,Loyal,0
C00595,15,7,12225,Champions,0
C00596,288,6,10399,Needs Attention,1
C00597,71,10,22266,Champions,0
C00598,36,4,13331,Loyal,0
C00599,6,8,8972,Loyal,0
C00600,504,4,4656,At Risk,1
C00601,235,4,9905,Needs Attention,1
C00602,172,6,10867,Needs Attention,0
C00603,247,6,8123,Needs Attention,1
C00604,210,3,6784,At Risk,1
C00605,189,1,769,At Risk,1
C00606,14,7,11525,Loyal,0
C00607,403,2,5007,At Risk,1
C00608,31,8,10030,Champions,0
C00609,71,9,13835,Champions,0
C00610,71,10,18707,Champions,0
C00611,147,10,19538,Champions,0
C00612,201,6,12849,Loyal,0
C00613,353,5,7476,At Risk,1
C00614,107,7,7689,Needs Attention,0
C00615,153,7,16279,Loyal,0
C00616,85,7,10371,Loyal,0
C00617,215,7,11496,Needs Attention,0
C00618,32,10,20331,Champions,0
C00619,675,3,3801,At Risk,1
C00620,589,5,10435,Needs Attention,1
C00621,49,7,12826,Loyal,0
C00622,931,2,4331,At Risk,1
C00623,484,8,13948,Loyal,0
C00624,37,7,7773,Loyal,0
C00625,144,13,20271,Champions,0
C00626,244,6,10629,Needs Attention,1
C00627,150,7,10254,Loyal,0
C00628,185,3,7912,At Risk,1
C00629,586,6,10954,Needs Attention,1
C00630,291,6,11406,Needs Attention,1
C00631,51,8,15675,Champions,0
C00632,24,8,19250,Champions,0
C00633,21,7,7295,Loyal,0
C00634,46,2,9949,Needs Attention,1
C00635,448,2,8524,At Risk,1
C00636,132,5,8608,Needs Attention,1
C00637,143,4,8423,Needs Attention,1
C00638,276,4,6295,At Risk,1
C00639,20,9,14473,Champions,0
C00640,127,6,12850,Loyal,0
C00641,157,6,9083,Needs Attention,1
C00642,167,7,12141,Loyal,0
C00643,91,5,10922,Loyal,1
C00644,1023,1,643,At Risk,1
C00645,104,9,17262,Champions,0
C00646,100,6,5211,Needs Attention,1
C00647,18,4,3491,Needs Attention,1
C00648,196,4,4817,At Risk,1
C00649,6,9,14667,Champions,0
C00650,525,3,4366,At Risk,1
C00651,317,2,2927,At Risk,1
C00652,245,10,14269,Loyal,0
C00653,57,6,9817,Loyal,0
C00654,224,4,8288,At Risk,1
C00655,236,7,20333,Loyal,0
C00656,83,5,13800,Loyal,0
C00657,215,5,10611,Needs Attention,1
C00658,14,7,10140,Loyal,0
C00659,131,6,11545,Loyal,0
C00660,84,9,18300,Champions,0
C00661,114,4,3399,At Risk,1
C00662,29,6,10294,Loyal,0
C00663,215,1,919,At Risk,1
C00664,173,7,13349,Loyal,0
C00665,377,4,3060,At Risk,1
C00666,96,6,10404,Loyal,0
C00667,78,6,6966,Loyal,1
C00668,330,7,12019,Needs Attention,0
C00669,79,8,11503,Loyal,0
C00670,47,4,6928,Needs Attention,1
C00671,138,8,18128,Champions,0
C00672,12,4,4544,Needs Attention,1
C00673,27,10,13294,Champions,0
C00674,141,8,14904,Loyal,0
C00675,176,6,18042,Loyal,0
C00676,280,4,6434,At Risk,1
C00677,524,6,11189,Needs Attention,1
C00678,89,8,13651,Champions,0
C00679,106,3,3850,At Risk,1
C00680,132,11,12284,Champions,0
C00681,40,6,8484,Loyal,0
C00682,331,6,13313,Needs Attention,0
C00683,138,7,9691,Loyal,0
C00684,841,1,3080,At Risk,1
C00685,62,9,22253,Champions,0
C00686,36,7,8191,Loyal,0
C00687,63,6,8177,Loyal,1
C00688,253,4,3358,At Risk,1
C00689,32,9,10336,Champions,0
C00690,124,9,16647,Champions,0
C00691,160,6,15662,Loyal,0
C00692,164,6,5421,Needs Attention,1
C00693,23,8,13309,Champions,0
C00694,136,9,15288,Champions,0
C00695,265,4,8410,At Risk,1
C00696,434,2,1492,At Risk,1
C00697,325,7,14177,Needs Attention,0
C00698,69,6,15867,Champions,0
C00699,687,2,8171,At Risk,1
C00700,578,4,6081,At Risk,1
C00701,274,7,9713,Needs Attention,1
C00702,172,5,5831,At Risk,1
C00703,131,3,6943,Needs Attention,1
C00704,418,6,8665,Needs Attention,1
C00705,8,11,24289,Champions,0
C00706,258,5,11893,Needs Attention,1
C00707,145,4,4549,At Risk,1
C00708,255,4,6471,At Risk,1
C00709,51,7,21171,Champions,0
C00710,209,6,12684,Loyal,0
C00711,179,6,7848,Needs Attention,1
C00712,128,4,4567,At Risk,1
C00713,159,5,5359,Needs Attention,1
C00714,249,6,10684,Needs Attention,1
C00715,41,9,13186,Champions,0
C00716,169,4,7435,At Risk,1
C00717,120,6,10867,Loyal,0
C00718,328,2,2738,At Risk,1
C00719,286,9,20813,Champions,0
C00720,87,6,7802,Loyal,1
C00721,144,6,12166,Loyal,0
C00722,82,10,21839,Champions,0
C00723,40,5,11785,Loyal,0
C00724,95,4,9018,Needs Attention,1
C00725,31,8,16116,Champions,0
C00726,115,6,10899,Loyal,0
C00727,29,7,8682,Loyal,0
C00728,112,8,17405,Champions,0
C00729,22,5,14652,Loyal,0
C00730,61,6,9888,Loyal,0
C00731,228,4,7659,At Risk,1
C00732,18,3,3787,Needs Attention,1
C00733,164,5,6275,Needs Attention,1
C00734,567,3,11963,Needs Attention,1
C00735,749,2,4207,At Risk,1
C00736,317,5,7465,At Risk,1
C00737,20,10,21243,Champions,0
C00738,146,6,10625,Loyal,0
C00739,165,5,5602,Needs Attention,1
C00740,534,3,6915,At Risk,1
C00741,251,2,1792,At Risk,1
C00742,62,9,16799,Champions,0
C00743,152,8,16585,Champions,0
C00744,372,5,9992,Needs Attention,1
C00745,356,2,5119,At Risk,1
C00746,95,7,13836,Loyal,0
C00747,206,7,12123,Loyal,0
C00748,143,8,13979,Loyal,0
C00749,139,3,2311,At Risk,1
C00750,22,13,26832,Champions,0
C00751,169,7,14608,Loyal,0
C00752,200,5,8490,Needs Attention,1
C00753,5,4,6063,Needs Attention,1
C00754,30,10,14067,Champions,0
C00755,8,5,13142,Loyal,0
C00756,145,6,12463,Loyal,0
C00757,18,7,15342,Champions,0
C00758,82,6,9817,Loyal,0
C00759,530,6,9220,Needs Attention,1
C00760,165,7,13626,Loyal,0
C00761,81,6,9864,Loyal,0
C00762,344,8,13993,Loyal,0
C00763,123,7,9348,Loyal,0
C00764,17,7,8619,Loyal,0
C00765,51,11,16682,Champions,0
C00766,88,6,12076,Loyal,0
C00767,118,5,7029,Needs Attention,1
C00768,108,9,10596,Loyal,0
C00769,448,7,14407,Needs Attention,0
C00770,233,2,4624,At Risk,1
C00771,15,8,14780,Champions,0
C00772,180,5,3405,At Risk,1
C00773,97,7,18970,Champions,0
C00774,335,3,6873,At Risk,1
C00775,637,4,8147,At Risk,1
C00776,73,9,10812,Champions,0
C00777,238,6,20163,Loyal,0
C00778,173,10,14538,Loyal,0
C00779,104,6,12242,Loyal,0
C00780,505,6,9048,Needs Attention,1
C00781,172,7,10697,Needs Attention,0
C00782,80,7,9580,Loyal,0
C00783,321,7,15798,Loyal,0
C00784,58,9,12835,Champions,0
C00785,142,5,9997,Needs Attention,1
C00786,13,9,14945,Champions,0
C00787,192,3,6890,At Risk,1
C00788,534,5,6853,At Risk,1
C00789,134,5,10381,Needs Attention,1
C00790,77,13,20988,Champions,0
C00791,45,9,21057,Champions,0
C00792,80,9,9143,Loyal,0
C00793,33,9,11982,Champions,0
C00794,5,7,16076,Champions,0
C00795,137,7,13489,Loyal,0
C00796,23,10,14693,Champions,0
C00797,18,6,13632,Champions,0
C00798,82,6,11850,Loyal,0
C00799,17,4,10157,Loyal,1
C00800,235,3,6550,At Risk,1
C00801,287,7,11205,Needs Attention,0
C00802,153,4,6100,Needs Attention,1
C00803,61,5,7122,Needs Attention,1
C00804,399,7,13113,Needs Attention,0
C00805,518,3,5278,At Risk,1
C00806,194,5,9108,Needs Attention,1
C00807,73,5,10151,Loyal,1
C00808,79,5,8869,Needs Attention,1
C00809,29,12,19684,Champions,0
C00810,20,8,21734,Champions,0
C00811,718,5,4490,At Risk,1
C00812,285,7,12139,Loyal,0
C00813,179,10,13378,Loyal,0
C00814,13,8,13144,Champions,0
C00815,14,7,7086,Loyal,0
C00816,42,10,26422,Champions,0
C00817,293,8,10034,Loyal,0
C00818,111,5,4549,Needs Attention,1
C00819,35,6,9675,Loyal,0
C00820,206,5,8655,Needs Attention,1
C00821,111,8,21085,Champions,0
C00822,175,3,2851,At Risk,1
C00823,242,8,13434,Loyal,0
C00824,204,9,13848,Loyal,0
C00825,839,3,5022,At Risk,1
C00826,5,9,18455,Champions,0
C00827,175,9,12534,Loyal,0
C00828,5,4,7573,Needs Attention,1
C00829,143,10,13301,Champions,0
C00830,49,9,19347,Champions,0
C00831,392,9,14339,Loyal,0
C00832,93,4,6544,Needs Attention,1
C00833,8,9,12661,Champions,0
C00834,216,6,9528,Needs Attention,1
C00835,117,7,12522,Loyal,0
C00836,932,1,2393,At Risk,1
C00837,374,5,12326,Needs Attention,1
C00838,76,8,10143,Loyal,0
C00839,267,5,6179,Needs Attention,1
C00840,87,6,9275,Loyal,0
C00841,805,2,4406,At Risk,1
C00842,381,7,9687,Needs Attention,1
C00843,427,3,3445,At Risk,1
C00844,168,5,8619,Needs Attention,1
C00845,288,3,2332,At Risk,1
C00847,154,5,6582,Needs Attention,1
C00848,120,9,15640,Champions,0
C00849,74,11,13611,Champions,0
C00850,47,10,18357,Champions,0
C00851,209,2,1449,At Risk,1
C00852,224,7,8220,Needs Attention,1
C00853,167,9,19110,Champions,0
C00854,113,4,6923,Needs Attention,1
C00855,3,8,14250,Champions,0
C00856,105,9,13306,Champions,0
C00857,869,2,3929,At Risk,1
C00858,260,9,15256,Champions,0
C00859,162,8,16020,Champions,0
C00860,234,6,13323,Loyal,0
C00861,131,4,12580,Needs Attention,1
C00862,383,2,295,At Risk,1
C00863,83,10,14824,Champions,0
C00864,80,8,11894,Champions,0
C00865,142,6,15853,Loyal,0
C00866,968,1,4723,At Risk,1
C00867,226,5,7169,Needs Attention,1
C00868,118,8,10210,Loyal,0
C00869,247,3,4552,At Risk,1
C00870,257,5,9399,Needs Attention,1
C00871,64,8,10405,Loyal,0
C00872,94,5,10478,Loyal,1
C00873,48,1,1575,Needs Attention,1
C00874,247,6,5024,Needs Attention,1
C00875,121,11,15888,Champions,0
C00876,19,5,9489,Loyal,1
C00877,286,4,10793,Needs Attention,1
C00878,90,7,10833,Loyal,0
C00879,71,11,12904,Champions,0
C00880,38,10,14681,Champions,0
C00881,161,7,12077,Loyal,0
C00882,42,8,17795,Champions,0
C00883,101,6,9579,Loyal,0
C00884,52,5,9273,Loyal,1
C00885,65,3,3315,Needs Attention,1
C00886,442,5,6750,At Risk,1
C00887,130,3,9720,Needs Attention,1
C00888,36,10,15947,Champions,0
C00889,332,3,3042,At Risk,1
C00890,46,5,5873,Needs Attention,1
C00891,9,3,6066,Needs Attention,1
C00892,545,4,5269,At Risk,1
C00893,113,9,14256,Champions,0
C00894,27,4,5783,Needs Attention,1
C00895,90,3,3695,Needs Attention,1
C00896,70,6,15530,Champions,0
C00897,116,5,10150,Needs Attention,1
C00898,163,4,6601,Needs Attention,1
C00899,49,9,8851,Loyal,0
C00900,239,8,9979,Loyal,0
C00901,34,10,16248,Champions,0
C00902,177,7,12206,Loyal,0
C00903,81,2,2527,Needs Attention,1
C00904,57,8,7712,Loyal,0
C00905,29,2,5505,Needs Attention,1
C00906,278,4,3923,At Risk,1
C00907,348,5,5256,At Risk,1
C00908,366,5,11899,Needs Attention,1
C00909,164,13,30715,Champions,0
C00910,88,5,6972,Needs Attention,1
C00911,520,4,8225,At Risk,1
C00912,144,5,7502,Needs Attention,1
C00913,271,8,14477,Loyal,0
C00914,173,9,14719,Loyal,0
C00915,424,7,17271,Loyal,0
C00916,111,5,6694,Needs Attention,1
C00917,31,9,13205,Champions,0
C00918,67,12,15803,Champions,0
C00919,230,3,2199,At Risk,1
C00920,29,4,10806,Loyal,1
C00921,9,3,7314,Needs Attention,1
C00922,143,6,13279,Loyal,0
C00923,82,6,11476,Loyal,0
C00924,33,7,11037,Loyal,0
C00925,76,3,3920,Needs Attention,1
C00926,550,4,4387,At Risk,1
C00927,50,5,8653,Needs Attention,1
C00928,63,7,21576,Champions,0
C00929,630,2,5026,At Risk,1
C00930,440,6,14854,Needs Attention,1
C00931,286,4,8995,At Risk,1
C00932,1063,1,3575,At Risk,1
C00933,177,8,17113,Loyal,0
C00934,20,10,18524,Champions,0
C00935,403,6,10071,Needs Attention,1
C00936,245,10,17183,Champions,0
C00937,121,5,8042,Needs Attention,1
C00938,409,6,5511,At Risk,1
C00939,136,6,11605,Loyal,0
C00940,160,5,9842,Needs Attention,1
C00941,38,9,20568,Champions,0
C00942,522,3,4865,At Risk,1
C00943,273,5,11065,Needs Attention,1
C00944,99,9,11964,Champions,0
C00945,155,9,18462,Champions,0
C00946,148,5,7396,Needs Attention,1
C00947,117,4,5121,At Risk,1
C00948,183,8,12059,Loyal,0
C00949,82,6,9264,Loyal,0
C00950,82,7,11363,Loyal,0
C00951,175,4,6332,At Risk,1
C00952,12,3,6491,Needs Attention,1
C00953,32,7,11033,Loyal,0
C00954,97,8,11966,Champions,0
C00955,211,6,9930,Needs Attention,1
C00956,858,3,7930,At Risk,1
C00957,198,8,13131,Loyal,0
C00958,7,7,13292,Champions,0
C00959,124,6,11780,Loyal,0
C00960,221,3,3674,At Risk,1
C00961,102,3,6052,Needs Attention,1
C00962,733,1,947,At Risk,1
C00963,163,10,19277,Champions,0
C00964,184,6,13210,Loyal,0
C00965,27,9,14651,Champions,0
C00967,55,4,5842,Needs Attention,1
C00968,8,9,22605,Champions,0
C00969,356,4,3397,At Risk,1
C00970,221,3,5740,At Risk,1
C00971,15,10,21535,Champions,0
C00972,245,3,3125,At Risk,1
C00973,319,5,10502,Needs Attention,1
C00974,104,8,17437,Champions,0
C00975,113,6,10297,Loyal,0
C00976,56,3,8607,Needs Attention,1
C00977,135,7,10143,Loyal,0
C00978,53,2,947,Needs Attention,1
C00979,365,3,8306,At Risk,1
C00980,425,7,14273,Needs Attention,0
C00981,501,1,2397,At Risk,1
C00982,56,7,13928,Loyal,0
C00983,20,6,10403,Loyal,0
C00984,155,8,20211,Champions,0
C00985,7,11,22241,Champions,0
C00986,21,3,6116,Needs Attention,1
C00987,7,7,15494,Champions,0
C00988,87,7,15338,Champions,0
C00989,170,11,14167,Loyal,0
C00990,362,5,5386,At Risk,1
C00991,197,6,8276,Needs Attention,1
C00992,494,5,6602,At Risk,1
C00993,368,6,14627,Needs Attention,0
C00994,54,3,3445,Needs Attention,1
C00995,255,7,17131,Loyal,0
C00996,334,4,7011,At Risk,1
C00997,35,12,20353,Champions,0
C00998,54,7,17357,Champions,0
C00999,78,5,6790,Needs Attention,1
C01000,165,4,8564,Needs Attention,1
C01001,225,3,2257,At Risk,1
C01002,261,5,10070,Needs Attention,1
C01003,75,4,8592,Needs Attention,1
C01004,181,2,3970,At Risk,1
C01005,128,7,9943,Loyal,0
C01006,121,3,6932,Needs Attention,1
C01007,80,1,1342,Needs Attention,1
C01008,222,7,9893,Needs Attention,0
C01009,44,8,15755,Champions,0
C01010,202,5,9497,Needs Attention,1
C01011,345,3,3872,At Risk,1
C01012,193,4,5516,At Risk,1
C01013,67,8,21039,Champions,0
C01014,162,7,11353,Loyal,0
C01015,55,9,20310,Champions,0
C01016,153,7,13607,Loyal,0
C01017,52,8,14856,Champions,0
C01018,763,3,2382,At Risk,1
C01019,41,7,12475,Champions,0
C01020,208,5,9156,Needs Attention,1
C01021,16,11,17969,Champions,0
C01022,9,14,24747,Champions,0
C01023,775,2,4364,At Risk,1
C01024,126,3,4251,At Risk,1
C01025,413,3,14722,Needs Attention,1
C01026,65,7,11813,Loyal,0
C01027,151,6,5517,Needs Attention,1
C01028,119,7,10373,Loyal,0
C01029,424,2,5764,At Risk,1
C01030,85,6,10172,Loyal,0
C01031,392,2,5262,At Risk,1
C01032,10,10,17090,Champions,0
C01033,287,3,4449,At Risk,1
C01034,259,4,7522,At Risk,1
C01035,610,1,421,At Risk,1
C01036,18,6,12638,Champions,0
C01037,178,3,5228,At Risk,1
C01038,84,8,16894,Champions,0
C01039,597,3,4630,At Risk,1
C01040,6,8,20875,Champions,0
C01041,98,6,11269,Loyal,0
C01042,34,6,12966,Champions,0
C01043,163,6,8267,Needs Attention,1
C01044,19,6,10633,Loyal,0
C01045,104,10,27249,Champions,0
C01046,15,8,13954,Champions,0
C01047,24,8,14521,Champions,0
C01048,248,4,4041,At Risk,1
C01049,48,5,10429,Loyal,1
C01050,79,6,11699,Loyal,0
C01051,337,7,13607,Needs Attention,0
C01052,585,1,3060,At Risk,1
C01053,44,6,12735,Loyal,0
C01054,30,7,5750,Loyal,1
C01055,136,6,8222,Needs Attention,1
C01056,7,5,9693,Loyal,1
C01057,105,2,1162,At Risk,1
C01058,188,7,8216,Needs Attention,1
C01059,611,5,8163,At Risk,1
C01060,93,12,20548,Champions,0
C01061,103,7,13739,Loyal,0
C01062,196,5,7639,Needs Attention,1
C01063,325,7,7823,Needs Attention,1
C01064,71,7,16249,Champions,0
C01065,2,9,18111,Champions,0
C01066,157,10,26265,Champions,0
C01067,256,5,4969,At Risk,1
C01068,141,7,14469,Loyal,0
C01069,198,6,9427,Needs Attention,1
C01070,55,7,16757,Champions,0
C01071,121,4,6175,Needs Attention,1
C01072,136,7,9858,Loyal,0
C01073,10,9,16698,Champions,0
C01074,334,3,1665,At Risk,1
C01075,13,6,7367,Loyal,1
C01076,72,7,20073,Champions,0
C01077,15,3,7039,Needs Attention,1
C01078,428,6,8827,Needs Attention,1
C01079,54,6,14607,Loyal,0
C01080,198,5,4575,At Risk,1
C01081,275,6,11625,Loyal,1
C01082,137,2,5193,At Risk,1
C01083,712,1,1783,At Risk,1
C01084,252,4,4465,At Risk,1
C01085,67,2,2671,Needs Attention,1
C01086,102,4,5191,At Risk,1
C01087,193,5,13832,Needs Attention,0
C01088,658,7,14228,Needs Attention,1
C01089,723,6,7632,Needs Attention,1
C01090,373,3,5181,At Risk,1
C01091,492,4,5431,At Risk,1
C01092,498,4,7730,At Risk,1
C01093,27,7,14022,Champions,0
C01094,327,5,13582,Needs Attention,1
C01095,50,8,16313,Champions,0
C01096,190,7,10602,Needs Attention,0
C01097,181,8,13784,Loyal,0
C01098,219,6,9619,Needs Attention,1
C01099,21,7,10278,Loyal,0
C01100,128,6,12904,Loyal,0
C01101,166,10,24449,Champions,0
C01102,166,5,11101,Needs Attention,1
C01103,62,3,2605,Needs Attention,1
C01104,248,3,4442,At Risk,1
C01105,9,7,11485,Loyal,0
C01106,28,9,24052,Champions,0
C01107,57,7,12329,Loyal,0
C01108,5,3,4918,Needs Attention,1
C01109,141,7,10939,Loyal,0
C01110,228,5,11045,Needs Attention,1
C01111,114,8,17970,Champions,0
C01112,45,8,19863,Champions,0
C01113,62,8,13152,Champions,0
C01114,110,9,23151,Champions,0
C01115,65,4,7350,Needs Attention,1
C01116,34,6,11498,Loyal,0
C01117,238,7,10235,Needs Attention,0
C01118,279,6,11082,Needs Attention,1
C01119,599,4,3767,At Risk,1
C01120,149,3,3562,At Risk,1
C01121,26,11,20912,Champions,0
C01122,177,8,13970,Loyal,0
C01123,459,1,392,At Risk,1
C01124,15,6,11538,Loyal,0
C01125,105,8,11760,Loyal,0
C01126,157,5,20773,Loyal,0
C01127,118,6,11551,Loyal,0
C01128,286,6,9172,Needs Attention,1
C01129,105,6,13068,Loyal,0
C01130,8,6,8986,Loyal,0
C01131,90,4,4478,Needs Attention,1
C01132,137,9,16132,Champions,0
C01133,129,7,15128,Loyal,0
C01134,19,4,6331,Needs Attention,1
C01135,28,4,6870,Needs Attention,1
C01136,310,5,8899,At Risk,1
C01137,97,9,16608,Champions,0
C01138,198,5,13645,Needs Attention,0
C01139,26,11,26494,Champions,0
C01140,107,6,12200,Loyal,0
C01141,158,7,6889,Needs Attention,1
C01142,50,7,10870,Loyal,0
C01143,424,6,10787,Needs Attention,1
C01144,50,8,12262,Champions,0
C01145,115,7,10067,Loyal,0
C01146,635,2,4693,At Risk,1
C01147,221,6,15632,Loyal,0
C01148,48,9,9298,Champions,0
C01149,954,1,604,At Risk,1
C01150,123,2,1199,At Risk,1
C01151,162,5,7835,Needs Attention,1
C01152,622,7,13291,Needs Attention,1
C01153,14,3,3797,Needs Attention,1
C01154,37,4,4488,Needs Attention,1
C01155,40,7,12547,Champions,0
C01156,75,11,14082,Champions,0
C01157,43,6,7196,Loyal,1
C01158,350,3,7680,At Risk,1
C01159,96,4,4438,Needs Attention,1
C01160,39,5,11634,Loyal,0
C01161,654,4,9979,At Risk,1
C01162,9,6,10406,Loyal,0
C01163,81,8,13516,Champions,0
C01164,41,7,15914,Champions,0
C01165,331,3,7469,At Risk,1
C01166,117,9,17488,Champions,0
C01167,80,6,7659,Loyal,1
C01168,419,6,11412,Needs Attention,1
C01169,78,5,9509,Loyal,1
C01170,54,4,10315,Needs Attention,1
C01171,55,3,5902,Needs Attention,1
C01172,21,10,15422,Champions,0
C01173,211,10,17197,Champions,0
C01174,160,7,10169,Loyal,0
C01175,53,6,12745,Loyal,0
C01176,326,2,3002,At Risk,1
C01177,170,7,21032,Loyal,0
C01178,9,9,15907,Champions,0
C01179,102,2,2150,At Risk,1
C01180,8,7,13395,Champions,0
C01181,319,3,5491,At Risk,1
C01182,58,6,12568,Loyal,0
C01183,307,4,6648,At Risk,1
C01184,376,4,4378,At Risk,1
C01185,15,9,18578,Champions,0
C01186,6,7,9138,Loyal,0
C01187,28,8,21971,Champions,0
C01188,325,5,10920,Needs Attention,1
C01189,25,9,20462,Champions,0
C01190,72,3,5552,Needs Attention,1
C01191,504,8,13314,Loyal,0
C01192,44,7,14617,Loyal,0
C01193,84,6,16929,Champions,0
C01194,17,6,9418,Loyal,0
C01195,723,2,3214,At Risk,1
C01196,691,4,4853,At Risk,1
C01197,35,10,23246,Champions,0
C01198,57,7,12960,Loyal,0
C01199,62,5,5004,Needs Attention,1
C01200,289,14,24190,Champions,0
C01201,110,10,17349,Champions,0
C01202,4,9,15297,Champions,0
C01203,84,10,16783,Champions,0
C01204,31,7,12891,Champions,0
C01205,251,4,7361,At Risk,1
C01206,100,8,15308,Champions,0
C01207,126,7,10173,Loyal,0
C01208,77,7,12750,Loyal,0
C01209,87,6,11733,Loyal,0
C01210,141,7,9970,Loyal,0
C01211,19,9,18695,Champions,0
C01212,76,7,9688,Loyal,0
C01213,93,5,17188,Loyal,0
C01214,341,3,6396,At Risk,1
C01215,42,12,20386,Champions,0
C01216,319,3,4424,At Risk,1
C01217,31,9,19758,Champions,0
C01218,53,8,16278,Champions,0
C01219,57,7,9148,Loyal,0
C01220,430,5,7592,At Risk,1
C01221,269,5,10743,Needs Attention,1
C01222,15,5,10200,Loyal,0
C01223,64,6,10731,Loyal,0
C01224,249,5,8225,Needs Attention,1
C01225,120,3,8403,Needs Attention,1
C01226,138,10,18116,Champions,0
C01227,18,8,15154,Champions,0
C01228,30,8,15670,Champions,0
C01229,51,3,2505,Needs Attention,1
C01230,335,7,15048,Needs Attention,0
C01231,82,4,9454,Needs Attention,1
C01232,127,7,14801,Loyal,0
C01233,104,9,21064,Champions,0
C01234,48,4,9586,Needs Attention,1
C01235,50,5,9101,Needs Attention,1
C01236,265,7,15651,Loyal,0
C01237,156,7,8099,Needs Attention,0
C01238,357,7,12775,Needs Attention,0
C01239,178,9,12119,Loyal,0
C01240,270,8,9736,Loyal,0
C01241,153,4,5581,At Risk,1
C01242,44,9,14048,Champions,0
C01243,441,9,9996,Loyal,0
C01244,51,11,23361,Champions,0
C01245,22,4,9638,Loyal,1
C01246,4,10,24801,Champions,0
C01247,60,7,8616,Loyal,0
C01248,240,5,10096,Needs Attention,1
C01249,36,14,27216,Champions,0
C01250,33,4,5097,Needs Attention,1
C01251,392,3,7941,At Risk,1
C01252,208,3,3810,At Risk,1
C01253,131,8,15883,Champions,0
C01254,119,4,8927,Needs Attention,1
C01255,48,6,10983,Loyal,0
C01256,171,8,17093,Loyal,0
C01257,40,7,7840,Loyal,0
C01258,64,4,9252,Needs Attention,1
C01259,101,10,24813,Champions,0
C01260,46,5,12485,Loyal,0
C01261,184,1,1537,At Risk,1
C01262,83,8,16748,Champions,0
C01263,374,5,7479,At Risk,1
C01264,97,9,22542,Champions,0
C01265,418,5,7034,At Risk,1
C01266,46,9,15438,Champions,0
C01267,159,4,7861,Needs Attention,1
C01268,339,5,10417,Needs Attention,1
C01269,272,8,7836,Needs Attention,0
C01270,188,8,13353,Loyal,0
C01271,538,4,8418,At Risk,1
C01272,5,6,11557,Loyal,0
C01273,437,2,3284,At Risk,1
C01274,69,9,18021,Champions,0
C01275,92,5,6862,Needs Attention,1
C01276,136,5,6372,Needs Attention,1
C01277,37,9,14835,Champions,0
C01278,114,8,14008,Loyal,0
C01279,41,2,2251,Needs Attention,1
C01280,250,5,8996,Needs Attention,1
C01281,196,8,10209,Loyal,0
C01282,214,4,7767,At Risk,1
C01283,178,4,7350,At Risk,1
C01284,35,7,11934,Champions,0
C01285,754,3,1844,At Risk,1
C01286,98,5,10150,Needs Attention,1
C01287,94,8,13051,Champions,0
C01288,213,4,8116,At Risk,1
C01289,128,9,18841,Champions,0
C01290,47,4,7519,Needs Attention,1
C01291,206,4,10567,Needs Attention,1
C01292,565,1,495,At Risk,1
C01293,61,6,16474,Champions,0
C01294,89,5,11337,Loyal,0
C01295,66,6,9507,Loyal,0
C01296,9,5,5489,Needs Attention,1
C01297,98,9,15161,Champions,0
C01298,463,7,12672,Needs Attention,1
C01299,186,6,11556,Needs Attention,0
C01300,26,9,16499,Champions,0
C01301,38,7,12663,Champions,0
C01302,70,6,6856,Loyal,1
C01303,21,4,9205,Loyal,1
C01304,29,11,18667,Champions,0
C01305,218,4,10017,Needs Attention,1
C01306,42,7,10022,Loyal,0
C01307,36,6,7727,Loyal,1
C01308,171,3,4864,At Risk,1
C01309,59,5,8714,Needs Attention,1
C01310,25,7,11749,Champions,0
C01311,194,4,7690,At Risk,1
C01312,558,4,8911,At Risk,1
C01313,422,6,6431,Needs Attention,1
C01314,346,6,12695,Needs Attention,1
C01315,145,7,9865,Loyal,0
C01316,101,9,16200,Champions,0
C01317,371,3,1707,At Risk,1
C01318,89,7,13746,Loyal,0
C01319,486,4,10302,At Risk,1
C01320,102,9,16960,Champions,0
C01321,54,6,12355,Loyal,0
C01322,79,8,14300,Champions,0
C01323,74,3,5942,Needs Attention,1
C01324,13,10,10989,Champions,0
C01325,144,5,7438,Needs Attention,1
C01326,111,5,8528,Needs Attention,1
C01327,62,8,15933,Champions,0
C01328,989,3,5167,At Risk,1
C01329,541,3,4917,At Risk,1
C01330,187,7,10128,Needs Attention,0
C01331,180,5,5925,At Risk,1
C01332,365,5,10894,Needs Attention,1
C01333,193,7,12579,Loyal,0
C01334,249,6,14879,Loyal,0
C01335,72,5,5054,Needs Attention,1
C01336,51,8,21065,Champions,0
C01337,6,6,8784,Loyal,0
C01338,242,7,12080,Loyal,0
C01339,196,9,20294,Champions,0
C01340,78,3,5960,Needs Attention,1
C01341,2,12,14827,Champions,0
C01342,7,6,7645,Loyal,1
C01343,396,5,15041,Needs Attention,1
C01344,249,5,12203,Needs Attention,1
C01345,102,10,18038,Champions,0
C01346,95,5,8454,Needs Attention,1
C01347,86,4,10231,Needs Attention,1
C01348,44,7,11028,Loyal,0
C01349,19,8,15468,Champions,0
C01350,159,4,7071,Needs Attention,1
C01351,423,2,3529,At Risk,1
C01352,268,10,17600,Champions,0
C01353,487,3,5307,At Risk,1
C01354,146,5,9221,Needs Attention,1
C01355,109,5,6461,Needs Attention,1
C01356,98,7,14817,Loyal,0
C01357,360,6,14502,Needs Attention,0
C01358,133,5,7206,Needs Attention,1
C01359,175,8,12958,Loyal,0
C01360,641,1,1665,At Risk,1
C01361,282,8,17184,Loyal,0
C01362,414,6,7604,Needs Attention,1
C01363,189,4,2522,At Risk,1
C01364,79,7,17412,Champions,0
C01365,329,2,4141,At Risk,1
C01366,78,13,28078,Champions,0
C01367,655,2,5786,At Risk,1
C01368,52,7,17976,Champions,0
C01369,16,6,9636,Loyal,0
C01370,89,2,4908,Needs Attention,1
C01371,818,2,1599,At Risk,1
C01372,36,7,14229,Champions,0
C01373,70,11,22394,Champions,0
C01374,422,5,6002,At Risk,1
C01375,427,7,9968,Needs Attention,1
C01376,201,5,9338,Needs Attention,1
C01377,845,2,4883,At Risk,1
C01378,54,5,9761,Loyal,1
C01379,88,7,19232,Champions,0
C01380,228,4,9688,Needs Attention,1
C01381,3,3,7682,Needs Attention,1
C01382,202,4,7889,At Risk,1
C01383,101,5,10337,Needs Attention,1
C01384,309,5,8896,At Risk,1
C01385,57,8,11334,Loyal,0
C01386,55,4,5246,Needs Attention,1
C01387,480,4,4165,At Risk,1
C01388,34,6,8856,Loyal,0
C01389,154,5,10911,Needs Attention,1
C01390,31,4,9522,Loyal,1
C01391,368,6,7262,Needs Attention,1
C01392,976,2,3196,At Risk,1
C01393,169,5,8867,Needs Attention,1
C01394,113,4,5261,At Risk,1
C01395,115,10,20218,Champions,0
C01396,38,6,9489,Loyal,0
C01397,19,5,7424,Loyal,1
C01398,99,8,16022,Champions,0
C01399,398,5,10338,Needs Attention,1
C01400,472,6,9254,Needs Attention,1
C01401,27,3,3747,Needs Attention,1
C01402,119,9,13864,Champions,0
C01403,3,6,9750,Loyal,0
C01404,42,2,3303,Needs Attention,1
C01405,121,7,9709,Loyal,0
C01406,416,3,5496,At Risk,1
C01407,153,3,5865,At Risk,1
C01408,458,2,4520,At Risk,1
C01409,12,4,5547,Needs Attention,1
C01410,73,8,19747,Champions,0
C01411,171,8,9738,Loyal,0
C01412,160,11,16345,Champions,0
C01413,327,8,21378,Loyal,0
C01414,262,4,7091,At Risk,1
C01415,342,5,4426,At Risk,1
C01416,958,1,572,At Risk,1
C01417,347,7,10635,Needs Attention,1
C01418,15,11,20538,Champions,0
C01419,65,10,23245,Champions,0
C01420,6,10,21593,Champions,0
C01421,194,8,18905,Loyal,0
C01422,26,9,11876,Champions,0
C01423,13,10,14687,Champions,0
C01424,140,4,6998,Needs Attention,1
C01425,208,5,9083,Needs Attention,1
C01426,113,6,14871,Loyal,0
C01427,147,5,7258,Needs Attention,1
C01428,88,7,13770,Loyal,0
C01429,787,2,3913,At Risk,1
C01430,351,6,11804,Needs Attention,1
C01431,8,5,9662,Loyal,1
C01432,281,7,6778,Needs Attention,1
C01433,449,1,1306,At Risk,1
C01434,28,9,21360,Champions,0
C01435,422,8,12080,Loyal,0
C01436,507,5,13150,Needs Attention,1
C01437,2,10,17658,Champions,0
C01438,34,5,7919,Loyal,1
C01439,154,4,7272,Needs Attention,1
C01440,337,5,4823,At Risk,1
C01441,141,5,6193,Needs Attention,1
C01442,96,7,13017,Loyal,0
C01443,102,5,14341,Loyal,0
C01444,50,5,4127,Needs Attention,1
C01445,29,5,10219,Loyal,1
C01446,33,5,5015,Needs Attention,1
C01447,154,7,13901,Loyal,0
C01448,151,3,2679,At Risk,1
C01449,96,4,8219,Needs Attention,1
C01450,53,13,25771,Champions,0
C01451,161,4,6503,Needs Attention,1
C01452,12,6,14995,Champions,0
C01453,209,6,10692,Needs Attention,1
C01454,210,4,5111,At Risk,1
C01455,27,4,5663,Needs Attention,1
C01456,6,5,9879,Loyal,1
C01457,107,8,16584,Champions,0
C01458,99,6,18077,Loyal,0
C01459,335,2,2600,At Risk,1
C01460,210,7,7647,Needs Attention,1
C01461,149,9,18298,Champions,0
C01462,40,7,14807,Champions,0
C01463,67,2,1110,Needs Attention,1
C01464,531,1,1610,At Risk,1
C01465,158,7,11613,Loyal,0
C01466,47,8,19318,Champions,0
C01467,261,4,11083,Needs Attention,1
C01468,143,7,15057,Loyal,0
C01469,493,2,3853,At Risk,1
C01470,43,6,10924,Loyal,0
C01471,33,5,6445,Loyal,1
C01472,96,8,15500,Champions,0
C01473,51,20,32120,Champions,0
C01474,378,4,4710,At Risk,1
C01475,17,6,10936,Loyal,0
C01476,103,5,8909,Needs Attention,1
C01477,207,8,11214,Loyal,0
C01478,112,9,18002,Champions,0
C01479,431,8,14536,Loyal,0
C01480,30,6,12739,Champions,0
C01481,351,2,1880,At Risk,1
C01482,31,4,9144,Needs Attention,1
C01483,34,11,19981,Champions,0
C01484,139,7,9751,Loyal,0
C01485,404,4,5267,At Risk,1
C01486,134,8,14972,Loyal,0
C01487,77,5,12962,Loyal,0
C01488,348,4,6596,At Risk,1
C01489,491,5,4822,At Risk,1
C01490,97,8,16252,Champions,0
C01491,310,5,8832,At Risk,1
C01492,275,6,16673,Loyal,0
C01493,168,8,13800,Loyal,0
C01494,267,6,11496,Needs Attention,1
C01495,132,9,20313,Champions,0
C01496,53,10,19425,Champions,0
C01497,236,3,4726,At Risk,1
C01498,99,8,9832,Loyal,0
C01499,195,2,5015,At Risk,1
C01500,181,3,4177,At Risk,1
C01501,9,6,8739,Loyal,0
C01502,12,5,10423,Loyal,0
C01503,82,4,3354,Needs Attention,1
C01504,56,8,12991,Champions,0
C01505,319,5,8432,At Risk,1
C01506,9,11,14934,Champions,0
C01507,195,6,16435,Loyal,0
C01508,245,6,6407,Needs Attention,1
C01509,15,7,15230,Champions,0
C01510,30,3,3593,Needs Attention,1
C01511,10,9,15937,Champions,0
C01512,205,6,5573,Needs Attention,1
C01513,5,6,11003,Loyal,0
C01514,142,5,5761,Needs Attention,1
C01515,184,7,13681,Loyal,0
C01516,276,6,7065,Needs Attention,1
C01517,113,9,15200,Champions,0
C01518,51,10,11910,Champions,0
C01519,313,4,8545,At Risk,1
C01520,40,4,6033,Needs Attention,1
C01521,119,8,13806,Loyal,0
C01522,126,3,4363,At Risk,1
C01523,40,4,6302,Needs Attention,1
C01524,415,4,4965,At Risk,1
C01525,165,7,11916,Loyal,0
C01526,126,7,10452,Loyal,0
C01527,389,4,4336,At Risk,1
C01528,35,7,13101,Champions,0
C01529,36,7,13700,Champions,0
C01530,135,8,14228,Loyal,0
C01531,432,2,3094,At Risk,1
C01532,51,7,10775,Loyal,0
C01533,182,3,3624,At Risk,1
C01534,130,10,17721,Champions,0
C01535,5,10,19590,Champions,0
C01536,115,6,9416,Loyal,1
C01537,16,13,13138,Champions,0
C01538,107,7,15689,Loyal,0
C01539,165,5,9667,Needs Attention,1
C01540,187,10,9691,Loyal,0
C01541,34,5,6921,Loyal,1
C01542,527,5,8456,At Risk,1
C01543,196,7,11048,Needs Attention,0
C01544,440,9,20321,Loyal,0
C01545,31,8,14142,Champions,0
C01546,81,3,4088,Needs Attention,1
C01547,115,8,15910,Champions,0
C01548,157,4,7516,Needs Attention,1
C01549,4,5,5352,Needs Attention,1
C01550,131,8,14720,Loyal,0
C01551,123,14,23995,Champions,0
C01552,193,5,11104,Needs Attention,1
C01553,180,6,10247,Needs Attention,1
C01554,225,5,9321,Needs Attention,1
C01555,34,4,10432,Loyal,1
C01556,300,4,10160,Needs Attention,1
C01557,236,5,9949,Needs Attention,1
C01558,226,5,8080,Needs Attention,1
C01559,317,6,8408,Needs Attention,1
C01560,7,3,5024,Needs Attention,1
C01561,152,8,15696,Champions,0
C01562,98,5,9045,Needs Attention,1
C01563,32,7,10003,Loyal,0
C01564,15,7,8044,Loyal,0
C01565,566,1,1296,At Risk,1
C01566,63,4,7697,Needs Attention,1
C01567,295,2,3413,At Risk,1
C01568,413,5,18746,Needs Attention,0
C01569,27,5,8469,Loyal,1
C01570,37,8,16497,Champions,0
C01571,648,2,2526,At Risk,1
C01572,64,5,10537,Loyal,1
C01573,95,4,12409,Loyal,1
C01574,25,9,13068,Champions,0
C01575,506,2,5067,At Risk,1
C01576,24,6,11225,Loyal,0
C01577,847,3,4043,At Risk,1
C01578,201,7,20027,Loyal,0
C01579,73,6,12316,Loyal,0
C01580,3,4,9475,Loyal,1
C01581,73,6,12133,Loyal,0
C01582,96,7,16414,Champions,0
C01583,41,9,12797,Champions,0
C01584,448,4,7258,At Risk,1
C01585,180,6,13051,Loyal,0
C01586,327,3,9139,At Risk,1
C01587,291,8,12718,Loyal,0
C01588,99,5,5510,Needs Attention,1
C01589,191,6,10412,Needs Attention,1
C01590,231,7,11025,Needs Attention,0
C01591,289,3,7895,At Risk,1
C01592,49,10,20514,Champions,0
C01593,574,3,4585,At Risk,1
C01594,716,2,3768,At Risk,1
C01595,61,7,12901,Loyal,0
C01596,40,7,16063,Champions,0
C01597,92,10,21691,Champions,0
C01598,63,8,13178,Champions,0
C01599,40,7,9051,Loyal,0
C01600,56,5,11762,Loyal,0
C01601,346,2,3896,At Risk,1
C01602,537,1,312,At Risk,1
C01603,185,7,11376,Needs Attention,0
C01604,43,3,7619,Needs Attention,1
C01605,25,4,9877,Loyal,1
C01606,7,10,18379,Champions,0
C01607,68,9,16630,Champions,0
C01608,271,5,7670,Needs Attention,1
C01609,101,4,9200,Needs Attention,1
C01610,65,7,16561,Champions,0
C01611,14,7,21078,Champions,0
C01612,52,7,12988,Loyal,0
C01613,612,2,1177,At Risk,1
C01614,12,5,8189,Loyal,1
C01615,31,4,5879,Needs Attention,1
C01616,71,7,11554,Loyal,0
C01617,6,7,16809,Champions,0
C01618,47,8,11129,Loyal,0
C01619,41,11,22580,Champions,0
C01620,261,9,10767,Loyal,0
C01621,80,6,10250,Loyal,0
C01622,311,4,4927,At Risk,1
C01623,192,7,7644,Needs Attention,1
C01624,66,7,6680,Loyal,0
C01625,10,8,15799,Champions,0
C01626,753,3,5704,At Risk,1
C01627,6,3,4967,Needs Attention,1
C01628,133,6,7524,Needs Attention,1
C01629,174,6,11137,Needs Attention,0
C01630,295,4,6155,At Risk,1
C01631,344,3,4197,At Risk,1
C01632,82,6,7376,Loyal,1
C01633,146,7,16481,Loyal,0
C01634,201,4,4543,At Risk,1
C01635,89,6,10315,Loyal,0
C01636,123,5,5949,Needs Attention,1
C01637,284,5,10381,Needs Attention,1
C01638,25,2,1974,Needs Attention,1
C01639,61,10,14671,Champions,0
C01640,307,5,7647,At Risk,1
C01641,226,6,10714,Needs Attention,1
C01642,218,6,17565,Loyal,0
C01643,31,9,13204,Champions,0
C01644,89,4,5964,Needs Attention,1
C01645,553,5,6583,At Risk,1
C01646,85,8,11211,Loyal,0
C01647,457,2,2028,At Risk,1
C01648,82,6,6887,Loyal,1
C01649,472,3,6361,At Risk,1
C01650,71,8,11152,Loyal,0
C01651,119,3,3394,At Risk,1
C01652,17,6,4238,Loyal,1
C01653,70,8,10196,Loyal,0
C01654,45,9,10372,Champions,0
C01655,108,10,22387,Champions,0
C01656,24,7,10058,Loyal,0
C01657,47,7,12371,Loyal,0
C01658,29,5,8961,Loyal,1
C01659,3,5,8302,Loyal,1
C01660,95,5,8954,Needs Attention,1
C01661,224,3,3699,At Risk,1
C01662,223,6,13752,Loyal,0
C01663,519,5,12824,Needs Attention,1
C01664,133,7,8533,Needs Attention,0
C01665,41,8,14441,Champions,0
C01666,200,5,6549,Needs Attention,1
C01667,8,5,8004,Loyal,1
C01668,81,6,5815,Needs Attention,1
C01669,39,4,4795,Needs Attention,1
C01670,473,1,2131,At Risk,1
C01671,87,6,8121,Loyal,1
C01672,454,1,997,At Risk,1
C01673,139,5,10471,Needs Attention,1
C01674,47,7,12740,Loyal,0
C01675,471,4,8351,At Risk,1
C01676,374,5,5181,At Risk,1
C01677,631,3,9018,At Risk,1
C01678,63,5,6725,Needs Attention,1
C01679,92,6,11508,Loyal,0
C01680,60,8,18518,Champions,0
C01681,131,5,7294,Needs Attention,1
C01682,302,3,9976,At Risk,1
C01683,120,6,14960,Loyal,0
C01684,274,6,11168,Needs Attention,1
C01685,368,8,10693,Needs Attention,0
C01686,226,11,17809,Champions,0
C01687,94,6,12131,Loyal,0
C01688,387,6,5242,At Risk,1
C01689,164,6,9497,Loyal,1
C01690,149,8,16589,Champions,0
C01691,33,9,15011,Champions,0
C01692,114,7,19863,Loyal,0
C01693,100,8,19237,Champions,0
C01694,66,9,12404,Champions,0
C01695,377,5,8398,At Risk,1
C01696,1010,2,1892,At Risk,1
C01697,569,3,3887,At Risk,1
C01698,133,9,14567,Champions,0
C01699,32,5,10105,Loyal,1
C01700,604,3,3905,At Risk,1
C01701,9,6,10455,Loyal,0
C01702,92,5,9573,Loyal,1
C01703,451,1,1273,At Risk,1
C01704,111,5,5414,Needs Attention,1
C01705,157,9,18584,Champions,0
C01706,185,5,15071,Loyal,0
C01707,332,4,7086,At Risk,1
C01708,118,5,6606,Needs Attention,1
C01709,146,12,18009,Champions,0
C01710,102,5,10884,Needs Attention,1
C01711,12,8,12262,Champions,0
C01712,578,4,6133,At Risk,1
C01713,126,5,8048,Needs Attention,1
C01714,71,10,17618,Champions,0
C01715,165,6,12406,Loyal,0
C01716,373,6,15290,Loyal,0
C01717,536,2,3345,At Risk,1
C01718,49,7,10715,Loyal,0
C01719,73,5,12488,Loyal,0
C01720,237,3,3818,At Risk,1
C01721,273,8,18507,Loyal,0
C01722,199,5,9509,Needs Attention,1
C01723,332,4,11015,At Risk,1
C01724,163,7,8349,Needs Attention,0
C01725,149,12,19709,Champions,0
C01726,100,6,6956,Needs Attention,1
C01727,77,3,9062,Needs Attention,1
C01728,279,9,12101,Loyal,0
C01729,40,6,9559,Loyal,0
C01730,56,6,9950,Loyal,0
C01731,175,7,9849,Needs Attention,0
C01732,20,3,4827,Needs Attention,1
C01733,553,6,8363,Needs Attention,1
C01734,97,11,13926,Champions,0
C01735,98,5,11041,Needs Attention,1
C01736,157,5,7383,Needs Attention,1
C01737,29,7,14343,Champions,0
C01738,19,5,9398,Loyal,1
C01739,292,5,10718,Needs Attention,1
C01740,724,1,1113,At Risk,1
C01741,205,4,8186,At Risk,1
C01742,111,3,3609,At Risk,1
C01743,173,11,18439,Champions,0
C01744,281,3,6790,At Risk,1
C01745,107,3,5271,At Risk,1
C01746,467,4,5429,At Risk,1
C01747,122,7,11653,Loyal,0
C01748,219,4,3277,At Risk,1
C01749,385,10,12582,Loyal,0
C01750,405,6,14419,Needs Attention,0
C01751,55,7,13823,Loyal,0
C01752,38,4,6715,Needs Attention,1
C01753,48,8,15448,Champions,0
C01754,564,6,11035,Needs Attention,1
C01755,758,5,10426,Needs Attention,1
C01756,366,3,4213,At Risk,1
C01757,822,3,2751,At Risk,1
C01758,166,7,11703,Loyal,0
C01759,165,6,11594,Loyal,0
C01760,207,7,13302,Loyal,0
C01761,122,4,5657,At Risk,1
C01762,43,4,3492,Needs Attention,1
C01763,161,7,12623,Loyal,0
C01764,105,6,10522,Loyal,0
C01765,244,6,10465,Needs Attention,1
C01766,110,8,15322,Champions,0
C01767,45,5,12717,Loyal,0
C01768,12,7,12986,Champions,0
C01769,473,8,9162,Needs Attention,1
C01770,176,5,13295,Needs Attention,0
C01772,24,9,12652,Champions,0
C01773,107,4,3968,At Risk,1
C01774,202,9,16081,Champions,0
C01775,106,12,15339,Champions,0
C01776,181,4,3391,At Risk,1
C01777,30,9,19485,Champions,0
C01778,6,7,17811,Champions,0
C01779,147,8,15690,Champions,0
C01780,5,11,17537,Champions,0
C01781,33,1,1884,Needs Attention,1
C01782,31,10,20923,Champions,0
C01783,202,5,12760,Needs Attention,1
C01784,182,9,16673,Champions,0
C01785,613,4,10768,At Risk,1
C01786,58,6,14248,Loyal,0
C01787,175,7,6193,Needs Attention,1
C01788,87,5,12232,Loyal,0
C01789,740,3,4320,At Risk,1
C01790,148,6,6923,Needs Attention,1
C01791,19,8,14145,Champions,0
C01792,148,3,6495,Needs Attention,1
C01793,49,6,13275,Loyal,0
C01794,95,6,10969,Loyal,0
C01796,552,1,3114,At Risk,1
C01797,652,5,6823,At Risk,1
C01798,323,5,11944,Needs Attention,1
C01799,10,6,11368,Loyal,0
C01800,72,7,11616,Loyal,0
C01801,218,3,7277,At Risk,1
C01802,316,6,9915,Needs Attention,1
C01803,318,5,4504,At Risk,1
C01804,193,4,7736,At Risk,1
C01805,293,2,1682,At Risk,1
C01806,381,4,6992,At Risk,1
C01807,299,8,13666,Loyal,0
C01808,262,7,9324,Needs Attention,1
C01809,11,4,5431,Needs Attention,1
C01810,66,8,17297,Champions,0
C01811,50,6,11227,Loyal,0
C01812,443,3,3925,At Risk,1
C01813,66,7,14093,Loyal,0
C01814,36,6,8185,Loyal,1
C01815,350,6,11612,Needs Attention,1
C01816,43,6,12266,Champions,0
C01817,13,9,18881,Champions,0
C01818,289,8,15402,Loyal,0
C01819,204,7,18561,Loyal,0
C01820,201,5,7429,Needs Attention,1
C01821,34,10,34930,Champions,0
C01822,86,7,16021,Champions,0
C01823,71,7,10848,Loyal,0
C01824,310,6,12264,Needs Attention,1
C01825,315,7,11680,Needs Attention,0
C01826,22,7,14853,Champions,0
C01827,167,5,11650,Needs Attention,1
C01828,68,9,13624,Champions,0
C01829,30,8,19348,Champions,0
C01830,312,3,1878,At Risk,1
C01831,3,5,7395,Loyal,1
C01832,245,5,4817,At Risk,1
C01833,150,8,10848,Loyal,0
C01834,105,7,12781,Loyal,0
C01835,40,6,7938,Loyal,1
C01836,59,10,16761,Champions,0
C01837,295,12,15643,Champions,0
C01838,25,7,17259,Champions,0
C01839,934,1,838,At Risk,1
C01840,288,6,9431,Needs Attention,1
C01841,234,8,13216,Loyal,0
C01842,423,4,8830,At Risk,1
C01843,237,10,15341,Champions,0
C01844,81,3,4673,Needs Attention,1
C01845,314,6,12295,Needs Attention,1
C01846,551,5,16468,Needs Attention,1
C01847,191,4,4451,At Risk,1
C01848,570,6,10792,Needs Attention,1
C01849,222,3,7712,At Risk,1
C01850,341,6,10754,Needs Attention,1
C01851,232,6,9558,Needs Attention,1
C01852,184,7,7017,Needs Attention,1
C01853,342,3,5906,At Risk,1
C01854,8,6,20047,Champions,0
C01855,109,3,1799,At Risk,1
C01856,36,5,9624,Loyal,1
C01857,176,3,3783,At Risk,1
C01858,983,1,953,At Risk,1
C01859,69,6,5690,Needs Attention,1
C01860,74,11,20232,Champions,0
C01861,390,6,7250,Needs Attention,1
C01862,269,5,9404,Needs Attention,1
C01863,73,7,14698,Loyal,0
C01864,780,1,3071,At Risk,1
C01865,566,4,9806,At Risk,1
C01866,26,3,3454,Needs Attention,1
C01867,86,6,14659,Loyal,0
C01868,312,6,8984,Needs Attention,1
C01869,72,8,23736,Champions,0
C01870,109,9,15240,Champions,0
C01871,64,3,6183,Needs Attention,1
C01872,647,2,3510,At Risk,1
C01873,341,6,8007,Needs Attention,1
C01874,154,7,14563,Loyal,0
C01875,187,4,7285,At Risk,1
C01876,132,10,11825,Champions,0
C01877,85,5,4586,Needs Attention,1
C01878,6,7,10969,Loyal,0
C01879,223,6,7069,Needs Attention,1
C01880,921,4,10271,At Risk,1
C01881,77,6,11674,Loyal,0
C01882,274,5,7213,Needs Attention,1
C01883,59,6,16181,Champions,0
C01884,7,6,5933,Loyal,1
C01885,812,4,9313,At Risk,1
C01886,147,6,11143,Loyal,0
C01887,199,4,6174,At Risk,1
C01888,245,3,4346,At Risk,1
C01889,200,5,11118,Needs Attention,1
C01890,78,5,9434,Loyal,1
C01891,88,6,16657,Champions,0
C01892,224,6,13347,Loyal,0
C01893,405,4,6654,At Risk,1
C01894,60,6,7932,Loyal,1
C01895,321,5,13837,Needs Attention,1
C01896,193,8,15500,Loyal,0
C01897,247,5,6216,Needs Attention,1
C01898,23,3,9474,Loyal,1
C01899,87,5,8343,Needs Attention,1
C01900,112,4,9453,Needs Attention,1
C01901,147,8,8601,Loyal,0
C01902,212,6,8575,Needs Attention,1
C01903,240,5,10299,Needs Attention,1
C01904,231,5,10326,Needs Attention,1
C01905,10,6,10293,Loyal,0
C01906,450,8,11117,Needs Attention,0
C01907,14,5,6396,Loyal,1
C01908,157,2,4349,At Risk,1
C01909,140,2,6621,Needs Attention,1
C01910,78,7,11478,Loyal,0
C01911,138,5,7611,Needs Attention,1
C01912,26,8,13137,Champions,0
C01913,514,5,9899,Needs Attention,1
C01914,59,7,13488,Loyal,0
C01915,82,7,8758,Loyal,0
C01916,214,11,19204,Champions,0
C01917,55,4,4282,Needs Attention,1
C01918,14,5,10966,Loyal,0
C01919,48,5,9032,Needs Attention,1
C01920,13,8,23133,Champions,0
C01921,349,4,3824,At Risk,1
C01922,18,13,24080,Champions,0
C01923,92,5,7574,Needs Attention,1
C01924,383,4,4254,At Risk,1
C01925,9,7,7891,Loyal,0
C01926,84,7,13081,Loyal,0
C01927,88,9,19974,Champions,0
C01928,603,3,4993,At Risk,1
C01929,147,7,11790,Loyal,0
C01930,3,8,16677,Champions,0
C01931,14,6,10116,Loyal,0
C01932,295,6,9399,Needs Attention,1
C01933,179,5,11570,Needs Attention,1
C01934,138,3,5288,At Risk,1
C01935,34,7,19208,Champions,0
C01936,354,4,6014,At Risk,1
C01937,271,5,8266,Needs Attention,1
C01938,150,5,6951,Needs Attention,1
C01939,392,5,11468,Needs Attention,1
C01940,111,4,4870,At Risk,1
C01941,3,8,12026,Champions,0
C01942,155,7,13958,Loyal,0
C01943,42,10,17433,Champions,0
C01944,301,9,19983,Champions,0
C01945,65,5,9845,Loyal,1
C01946,80,8,8191,Loyal,0
C01947,44,6,10579,Loyal,0
C01948,138,6,12356,Loyal,0
C01949,4,11,35696,Champions,0
C01950,772,2,10448,At Risk,1
C01951,351,2,7164,At Risk,1
C01952,271,11,19191,Champions,0
C01953,137,6,15315,Loyal,0
C01954,21,7,23286,Champions,0
C01955,93,7,13104,Loyal,0
C01956,339,8,16317,Loyal,0
C01957,239,6,5012,Needs Attention,1
C01958,133,4,4065,At Risk,1
C01959,204,6,8262,Needs Attention,1
C01960,95,9,11040,Champions,0
C01961,25,6,11278,Loyal,0
C01962,188,7,16125,Loyal,0
C01963,4,11,21082,Champions,0
C01964,40,3,9467,Loyal,1
C01965,335,5,7096,At Risk,1
C01966,301,5,9838,Needs Attention,1
C01967,102,4,10098,Needs Attention,1
C01968,27,7,11525,Loyal,0
C01969,253,6,12467,Loyal,0
C01970,141,1,1509,At Risk,1
C01971,348,5,7820,At Risk,1
C01972,205,2,2844,At Risk,1
C01973,38,8,17657,Champions,0
C01974,311,2,4301,At Risk,1
C01975,116,7,9751,Loyal,0
C01976,925,2,2198,At Risk,1
C01977,165,6,9191,Loyal,1
C01978,36,10,12693,Champions,0
C01979,196,3,5366,At Risk,1
C01980,442,5,9183,Needs Attention,1
C01981,181,7,7008,Needs Attention,1
C01982,144,4,7853,Needs Attention,1
C01983,310,4,6834,At Risk,1
C01984,580,2,4551,At Risk,1
C01985,6,7,15738,Champions,0
C01986,163,4,5051,At Risk,1
C01987,89,7,13977,Loyal,0
C01988,149,7,7306,Needs Attention,1
C01989,373,5,9032,At Risk,1
C01990,111,7,15834,Loyal,0
C01991,7,6,15396,Champions,0
C01992,249,3,9266,Needs Attention,1
C01993,278,5,5882,At Risk,1
C01994,133,7,12560,Loyal,0
C01995,177,7,15344,Loyal,0
C01996,10,4,5037,Needs Attention,1
C01997,111,8,15086,Champions,0
C01998,219,7,10675,Needs Attention,0
C01999,11,5,8231,Loyal,1
C02000,343,8,16097,Loyal,0
